country_code,account_type,primary_email_alias,password,first_name,last_name,ppBalance,addBank,ccType,payment_card
US, BUSINESS, ttomkys0@huffingtonpost.com, StrngPwd123, Talia, Tomkys, 100000, N, MASTERCARD, DISCOVER
US, BUSINESS, rpridding1@quantcast.com, StrngPwd123, Romonda, Pridding, 100000, Y, VISA, PAYPAL
US, BUSINESS, svanhove2@sciencedaily.com, StrngPwd123, Shanon, Van Hove, 100000, N, MASTERCARD, DISCOVER
US, BUSINESS, hrosenfelder3@omniture.com, StrngPwd123, Hirsch, Rosenfelder, 100000, Y, AMEX, PAYPAL
US, BUSINESS, edunnet4@stumbleupon.com, StrngPwd123, Evangelina, Dunnet, 100000, Y, VISA, DISCOVER
US, BUSINESS, hquidenham5@squarespace.com, StrngPwd123, Haven, Quidenham, 100000, Y, MASTERCARD, DISCOVER
US, BUSINESS, givins6@google.co.uk, StrngPwd123, Gavan, Ivins, 100000, N, MASTERCARD, PAYPAL
US, BUSINESS, ksumpter7@surveymonkey.com, StrngPwd123, Kim, Sumpter, 100000, Y, AMEX, PAYPAL
US, BUSINESS, pmatzl8@i2i.jp, StrngPwd123, Perice, Matzl, 100000, N, VISA, PAYPAL
US, BUSINESS, amoxted9@1und1.de, StrngPwd123, Amberly, Moxted, 100000, Y, AMEX, PAYPAL
US, BUSINESS, bcosleya@cmu.edu, StrngPwd123, Belicia, Cosley, 100000, N, VISA, DISCOVER
US, BUSINESS, htuplinb@ca.gov, StrngPwd123, Helge, Tuplin, 100000, Y, AMEX, DISCOVER
US, BUSINESS, greemec@printfriendly.com, StrngPwd123, Glenda, Reeme, 100000, N, AMEX, PAYPAL
US, BUSINESS, gjexd@webnode.com, StrngPwd123, Gherardo, Jex, 100000, N, MASTERCARD, DISCOVER
US, BUSINESS, cratkee@chronoengine.com, StrngPwd123, Clint, RatUS, 100000, Y, VISA, PAYPAL
US, BUSINESS, bdudleyf@huffingtonpost.com, StrngPwd123, Beltran, Dudley, 100000, N, VISA, PAYPAL
US, BUSINESS, lwhildg@statcounter.com, StrngPwd123, Lilas, Whild, 100000, Y, AMEX, DISCOVER
US, BUSINESS, bliverockh@arstechnica.com, StrngPwd123, Bibby, Liverock, 100000, Y, VISA, DISCOVER
US, BUSINESS, wbrooksbanki@cdbaby.com, StrngPwd123, Whittaker, Brooksbank, 100000, N, VISA, PAYPAL
US, BUSINESS, arandalesj@apple.com, StrngPwd123, Aimil, Randales, 100000, N, MASTERCARD, DISCOVER
US, BUSINESS, bfranzettoinik@surveymonkey.com, StrngPwd123, Budd, Franzettoini, 100000, Y, VISA, DISCOVER
US, BUSINESS, mpigginsl@jiathis.com, StrngPwd123, Marvin, Piggins, 100000, N, VISA, PAYPAL
US, BUSINESS, cfeldharkerm@google.com.br, StrngPwd123, Carlen, Feldharker, 100000, N, AMEX, PAYPAL
US, BUSINESS, mdumsdayn@github.io, StrngPwd123, Marietta, Dumsday, 100000, Y, VISA, DISCOVER
US, BUSINESS, ileymano@vistaprint.com, StrngPwd123, Ignace, Leyman, 100000, Y, AMEX, PAYPAL
US, BUSINESS, ibiesingerp@businessweek.com, StrngPwd123, Inge, Biesinger, 100000, Y, MASTERCARD, DISCOVER
US, BUSINESS, dquilkinq@marriott.com, StrngPwd123, Dina, Quilkin, 100000, Y, MASTERCARD, PAYPAL
US, BUSINESS, ccustr@hostgator.com, StrngPwd123, Chrissy, Cust, 100000, Y, MASTERCARD, PAYPAL
US, BUSINESS, sraddans@alibaba.com, StrngPwd123, Sela, Raddan, 100000, N, MASTERCARD, DISCOVER
US, BUSINESS, acarndufft@alibaba.com, StrngPwd123, Antone, Carnduff, 100000, Y, VISA, PAYPAL
US, BUSINESS, dmarusiku@reuters.com, StrngPwd123, Dion, Marusik, 100000, Y, AMEX, DISCOVER
US, BUSINESS, sfrancesconiv@time.com, StrngPwd123, Stanfield, Francesconi, 100000, N, AMEX, PAYPAL
US, BUSINESS, gdibbinw@youku.com, StrngPwd123, Gallard, Dibbin, 100000, N, AMEX, PAYPAL
US, BUSINESS, ehanshawx@cafepress.com, StrngPwd123, Evan, Hanshaw, 100000, Y, MASTERCARD, PAYPAL
US, BUSINESS, brumensy@illinois.edu, StrngPwd123, Baird, Rumens, 100000, Y, MASTERCARD, DISCOVER
US, BUSINESS, jbritneyz@cam.ac.uk, StrngPwd123, Jesselyn, Britney, 100000, Y, AMEX, DISCOVER
US, BUSINESS, dforgie10@people.com.cn, StrngPwd123, Dwight, Forgie, 100000, Y, MASTERCARD, PAYPAL
US, BUSINESS, odallmann11@spotify.com, StrngPwd123, Orville, Dallmann, 100000, N, VISA, DISCOVER
US, BUSINESS, psamsworth12@earthlink.net, StrngPwd123, Patrizio, Samsworth, 100000, Y, MASTERCARD, DISCOVER
US, BUSINESS, wbunyan13@oakley.com, StrngPwd123, Wells, Bunyan, 100000, N, AMEX, DISCOVER